Ref,Val,Package,PosX,PosY,Rot,Side
"BZ1","Buzzer","Buzzer_12x9.5RM7.6",56.050000,-4.850000,0.000000,top
"C1","10µF","C_0805_2012Metric",13.000000,-38.000000,0.000000,top
"C2","1µF","C_0402_1005Metric",8.480000,-38.500000,0.000000,top
"C3","10µF","C_0805_2012Metric",26.000000,-41.500000,0.000000,top
"C4","1µF","C_0402_1005Metric",22.000000,-38.000000,0.000000,top
"C5","100nF","C_0402_1005Metric",8.500000,-31.500000,0.000000,top
"C6","22µF","C_0805_2012Metric",34.000000,-38.000000,0.000000,top
"C7","100nF","C_0402_1005Metric",34.000000,-42.000000,0.000000,top
"C8","22µF","C_0805_2012Metric",26.000000,-39.500000,0.000000,top
"C9","100nF","C_0402_1005Metric",26.000000,-38.000000,0.000000,top
"C10","10µF","C_0805_2012Metric",14.000000,-52.000000,0.000000,top
"C11","100nF","C_0402_1005Metric",14.000000,-48.000000,0.000000,top
"C12","10µF","C_0805_2012Metric",27.500000,-48.000000,0.000000,top
"C13","100nF","C_0402_1005Metric",10.520000,-53.000000,0.000000,top
"C14","10µF","C_0805_2012Metric",6.000000,-51.500000,0.000000,top
"C15","100nF","C_0402_1005Metric",8.000000,-57.000000,0.000000,top
"C16","1µF","C_0402_1005Metric",31.400000,-52.000000,0.000000,top
"C17","1µF","C_0402_1005Metric",39.400000,-52.000000,0.000000,top
"C18","100nF","C_0402_1005Metric",35.400000,-47.500000,0.000000,top
"C19","10µF","C_0805_2012Metric",31.400000,-48.000000,0.000000,top
"C20","22µF","C_0805_2012Metric",27.500000,-52.000000,0.000000,top
"C21","10µF","C_0805_2012Metric",9.550000,-50.500000,0.000000,top
"C22","100nF","C_0402_1005Metric",11.980000,-11.500000,0.000000,top
"C23","100nF","C_0402_1005Metric",13.980000,-11.500000,0.000000,top
"C24","100nF","C_0402_1005Metric",11.980000,-17.500000,0.000000,top
"C25","100nF","C_0402_1005Metric",11.980000,-19.500000,0.000000,top
"C26","100nF","C_0402_1005Metric",36.500000,-13.500000,0.000000,top
"C27","22µF","C_0805_2012Metric",36.550000,-19.500000,0.000000,top
"C28","100nF","C_0402_1005Metric",60.000000,-14.000000,0.000000,top
"C29","100nF","C_0402_1005Metric",60.000000,-26.000000,0.000000,top
"C30","1µF","C_0402_1005Metric",70.000000,-14.000000,0.000000,top
"C31","1µF","C_0402_1005Metric",70.000000,-26.000000,0.000000,top
"C32","100nF","C_0402_1005Metric",70.000000,-16.000000,0.000000,top
"C33","100nF","C_0402_1005Metric",70.000000,-24.000000,0.000000,top
"C34","15pF","C_0402_1005Metric",58.000000,-16.000000,0.000000,top
"C35","15pF","C_0402_1005Metric",58.000000,-20.000000,0.000000,top
"C36","100nF","C_0402_1005Metric",82.020000,-25.500000,0.000000,top
"C37","100nF","C_0402_1005Metric",30.000000,-60.000000,0.000000,top
"C38","10nF","C_0402_1005Metric",30.000000,-70.000000,0.000000,top
"C39","100nF","C_0402_1005Metric",40.000000,-60.000000,0.000000,top
"C40","100nF","C_0402_1005Metric",40.000000,-70.000000,0.000000,top
"C41","1µF","C_0402_1005Metric",32.000000,-70.000000,0.000000,top
"C42","1µF","C_0402_1005Metric",38.000000,-70.000000,0.000000,top
"C43","1µF","C_0402_1005Metric",32.000000,-72.000000,0.000000,top
"C44","1µF","C_0402_1005Metric",38.000000,-72.000000,0.000000,top
"C45","100nF","C_0402_1005Metric",55.000000,-60.000000,0.000000,top
"C46","10nF","C_0402_1005Metric",55.000000,-70.000000,0.000000,top
"C47","100nF","C_0402_1005Metric",65.000000,-60.000000,0.000000,top
"C48","1µF","C_0402_1005Metric",57.000000,-70.000000,0.000000,top
"C49","100nF","C_0402_1005Metric",65.000000,-70.000000,0.000000,top
"C50","1µF","C_0402_1005Metric",63.000000,-70.000000,0.000000,top
"C51","1µF","C_0402_1005Metric",57.000000,-72.000000,0.000000,top
"C52","1µF","C_0402_1005Metric",63.000000,-72.000000,0.000000,top
"C53","100nF","C_0402_1005Metric",87.520000,-43.000000,0.000000,top
"C54","100nF","C_0402_1005Metric",52.000000,-42.000000,0.000000,top
"C55","100nF","C_0402_1005Metric",63.000000,-31.000000,0.000000,top
"C56","100nF","C_0402_1005Metric",80.000000,-32.000000,0.000000,top
"C57","100nF","C_0402_1005Metric",63.000000,-47.000000,0.000000,top
"C58","100nF","C_0402_1005Metric",73.000000,-47.000000,0.000000,top
"C59","100nF","C_0402_1005Metric",79.387500,-58.350000,0.000000,top
"C60","100nF","C_0402_1005Metric",47.887500,-10.000000,0.000000,top
"C61","100nF","C_0402_1005Metric",78.000000,-9.500000,0.000000,top
"C62","100nF","C_0402_1005Metric",85.000000,-9.500000,0.000000,top
"C63","100nF","C_0402_1005Metric",92.000000,-9.500000,0.000000,top
"D1","WS2812B","LED_WS2812B_PLCC4_5.0x5.0mm_P3.2mm",71.000000,-7.500000,0.000000,top
"D2","WS2812B","LED_WS2812B_PLCC4_5.0x5.0mm_P3.2mm",78.000000,-7.500000,0.000000,top
"D3","WS2812B","LED_WS2812B_PLCC4_5.0x5.0mm_P3.2mm",85.000000,-7.500000,0.000000,top
"D4","WS2812B","LED_WS2812B_PLCC4_5.0x5.0mm_P3.2mm",92.000000,-7.500000,0.000000,top
"FB1","600Ω","L_0402_1005Metric",31.935000,-50.000000,0.000000,top
"J1","USB-C","USB_C_Receptacle_HRO_TYPE-C-31-M-12",5.000000,-45.000000,0.000000,top
"J2","Conn_01x03_Pin","Molex_PicoBlade_53047-0310_1x03_P1.25mm_Vertical",16.750000,-90.500000,0.000000,top
"J3","Conn_01x03_Pin","Molex_PicoBlade_53047-0310_1x03_P1.25mm_Vertical",26.750000,-90.500000,0.000000,top
"J4","Conn_01x03_Pin","Molex_PicoBlade_53047-0310_1x03_P1.25mm_Vertical",36.750000,-90.500000,0.000000,top
"J5","Conn_01x03_Pin","Molex_PicoBlade_53047-0310_1x03_P1.25mm_Vertical",46.750000,-90.500000,0.000000,top
"J6","Conn_01x03_Pin","Molex_PicoBlade_53047-0310_1x03_P1.25mm_Vertical",56.750000,-90.500000,0.000000,top
"J7","Conn_01x03_Pin","Molex_PicoBlade_53047-0310_1x03_P1.25mm_Vertical",66.750000,-90.500000,0.000000,top
"J8","Conn_01x03_Pin","Molex_PicoBlade_53047-0310_1x03_P1.25mm_Vertical",76.750000,-90.500000,0.000000,top
"J9","Conn_01x03_Pin","Molex_PicoBlade_53047-0310_1x03_P1.25mm_Vertical",86.750000,-90.500000,0.000000,top
"J10","TFT Display","Hirose_FH12-14S-0.5SH_1x14-1MP_P0.50mm_Horizontal",95.000000,-20.000000,0.000000,top
"J11","microSD","microSD_HC_Molex_104031-0811",90.000000,-55.000000,0.000000,top
"J12","Battery","JST_PH_B2B-PH-K_1x02_P2.00mm_Vertical",5.000000,-55.000000,0.000000,top
"J13","SWD_Debug","Tag-Connect_TC2050-IDC-FP_2x05_P1.27mm_Vertical",80.000000,-15.000000,0.000000,top
"L3","2.2µH","L_Taiyo-Yuden_NR-40xx",21.500000,-35.000000,0.000000,top
"L4","4.7µH","L_Taiyo-Yuden_NR-40xx",26.000000,-34.000000,0.000000,top
"LED1","UV 365nm","LED_0805_2012Metric",82.000000,-40.000000,0.000000,top
"LED2","Blue 470nm","LED_0805_2012Metric",85.000000,-40.000000,0.000000,top
"LED3","White","LED_0805_2012Metric",88.000000,-40.000000,0.000000,top
"Q1","2N7002","SOT-23",51.937500,-7.850000,0.000000,top
"Q2","AO3400","SOT-23",70.531300,-61.500000,0.000000,top
"Q3","2N7002","SOT-23",82.000000,-38.000000,0.000000,top
"Q4","2N7002","SOT-23",85.000000,-38.000000,0.000000,top
"Q5","2N7002","SOT-23",88.000000,-38.000000,0.000000,top
"R1","5.1kΩ","R_0402_1005Metric",5.970000,-38.500000,0.000000,top
"R2","5.1kΩ","R_0402_1005Metric",11.510000,-46.000000,0.000000,top
"R3","10kΩ","R_0402_1005Metric",20.000000,-44.000000,0.000000,top
"R4","10kΩ","R_0402_1005Metric",16.000000,-44.000000,0.000000,top
"R5","10kΩ","R_0402_1005Metric",6.500000,-31.500000,0.000000,top
"R6","10kΩ","R_0402_1005Metric",14.000000,-57.000000,0.000000,top
"R7","10kΩ","R_0402_1005Metric",14.000000,-26.000000,0.000000,top
"R8","10kΩ","R_0402_1005Metric",15.000000,-31.000000,0.000000,top
"R9","10kΩ","R_0402_1005Metric",59.990000,-16.000000,0.000000,top
"R10","10kΩ","R_0402_1005Metric",77.000000,-16.000000,0.000000,top
"R11","10kΩ","R_0402_1005Metric",82.010000,-26.500000,0.000000,top
"R12","10kΩ","R_0402_1005Metric",72.010000,-21.500000,0.000000,top
"R13","10kΩ","R_0402_1005Metric",35.000000,-74.000000,0.000000,top
"R14","10kΩ","R_0402_1005Metric",60.000000,-74.000000,0.000000,top
"R15","100Ω","R_0402_1005Metric",81.000000,-35.500000,0.000000,top
"R16","100Ω","R_0402_1005Metric",83.000000,-36.000000,0.000000,top
"R17","100Ω","R_0402_1005Metric",86.000000,-36.000000,0.000000,top
"R18","68Ω","R_0402_1005Metric",80.000000,-42.000000,0.000000,top
"R19","47Ω","R_0402_1005Metric",83.000000,-42.000000,0.000000,top
"R20","100Ω","R_0402_1005Metric",86.000000,-42.000000,0.000000,top
"R21","100Ω","R_0402_1005Metric",68.531300,-59.500000,0.000000,top
"R22","10kΩ","R_0402_1005Metric",72.531300,-59.500000,0.000000,top
"R24","100Ω","R_0402_1005Metric",49.937500,-9.850000,0.000000,top
"SW1","RESET","SW_SPST_TL3342",7.000000,-35.000000,0.000000,top
"SW2","BOOT","SW_SPST_TL3342",7.150000,-27.900000,0.000000,top
"U1","ESP32-S3","ESP32-S3-WROOM-1",25.000000,-6.500000,0.000000,top
"U2","RP2040","QFN-56-1EP_7x7mm_P0.4mm_EP3.2x3.2mm",65.000000,-20.000000,0.000000,top
"U3","2MB Flash","SOIC-8_3.9x4.9mm_P1.27mm",77.010000,-23.500000,0.000000,top
"U4","AD5941 #1","QFN50P700X700X80-49N",35.000000,-65.000000,0.000000,top
"U5","AD5941 #2","QFN50P700X700X80-49N",60.000000,-65.000000,0.000000,top
"U6","AS7341","AMS_OLGA-8_2x3.1mm_P0.8mm",85.000000,-45.000000,0.000000,top
"U7","TCA9548AMRGER","Texas_RGE0024C_VQFN-24-1EP_4x4mm_P0.5mm_EP2.1x2.1mm",55.000000,-45.000000,0.000000,top
"U8","MAX30102","Maxim_OLGA-14_3.3x5.6mm_P0.8mm",65.000000,-35.000000,0.000000,top
"U9","MLX90614ESF-AAA-000-TU","TO254P912H435-4",75.000000,-35.000000,0.000000,top
"U10","DS3231M","SOIC-16W_7.5x10.3mm_P1.27mm",65.000000,-45.000000,0.000000,top
"U11","LSM6DSOX","PQFN50P250X300X86-14N",75.000000,-45.000000,0.000000,top
"U12","TMP117","WSON-6-1EP_2x2mm_P0.65mm_EP1x1.6mm",77.387500,-60.350000,0.000000,top
"U13","BQ25895","Texas_RTW_WQFN-24-1EP_4x4mm_P0.5mm_EP2.7x2.7mm_ThermalVias",18.000000,-40.000000,0.000000,top
"U14","TPS63020","IC_TPS63020DSJR",30.000000,-40.000000,0.000000,top
"U15","3V3_ANALOG","SOT-23-5",35.400000,-50.000000,0.000000,top
"U16","3V3_DIGITAL","SOT-223-3_TabPin2",20.500000,-50.000000,0.000000,top
"U17","MAX17048","SON50P200X200X80-9N",12.000000,-55.000000,0.000000,top
"Y1","12MHz","Crystal_SMD_3215-2Pin_3.2x1.5mm",58.500000,-18.000000,0.000000,top
